id;title;content_2;auther
1;Buckinghamshire;Small online;maroon copy
2;lavender Kuwait Sleek;Movies compress firewall;Cocos (Keeling) Islands visualize
3;e-business microchip fuchsia;Checking Account;leverage generating Tunisia
4;Principal Egypt;alliance bifurcated;programming program
5;HTTP transmitting;International static Borders;Mouse
6;Intelligent enhance Outdoors;deposit user-centric Licensed;SAS generating
7;XSS Refined Cotton Ball AI;Credit Card Account Planner;white deposit Rustic Frozen Mouse
8;Operations alarm matrix;transmit;unleash Compatible Berkshire
9;Dynamic Concrete Berkshire;web-enabled Forward;Concrete
10;responsive;Berkshire back up foreground;Handcrafted Fresh Bike navigate bandwidth
